{"cameraMode":{"drawMode":0,"name":"Shaded","section":"Shading Mode"},"sceneLighting":false,"audioPlay":false,"sceneViewState":{"showFog":true,"showMaterialUpdate":false,"showSkybox":true,"showFlares":true,"showImageEffects":true,"showParticleSystems":true},"in2DMode":false,"pivot":{"x":4.372000217437744,"y":0.46000003814697268,"z":-4.460000038146973},"rotation":{"x":-0.10548032075166702,"y":-0.8810857534408569,"z":0.2339281141757965,"w":-0.3972901999950409},"size":2.8578836917877199,"orthographic":false}