{"cameraMode":{"drawMode":0,"name":"Shaded","section":"Shading Mode"},"sceneLighting":true,"audioPlay":false,"sceneViewState":{"showFog":true,"showMaterialUpdate":false,"showSkybox":true,"showFlares":true,"showImageEffects":true,"showParticleSystems":true},"in2DMode":false,"pivot":{"x":-0.5868328213691711,"y":0.23615717887878419,"z":6.408651351928711},"rotation":{"x":0.12588466703891755,"y":-0.03749554231762886,"z":0.004761566407978535,"w":0.9913246631622315},"size":9.959541320800782,"orthographic":false}