{"cameraMode":{"drawMode":0,"name":"Shaded","section":"Shading Mode"},"sceneLighting":false,"audioPlay":false,"sceneViewState":{"showFog":true,"showMaterialUpdate":false,"showSkybox":true,"showFlares":true,"showImageEffects":true,"showParticleSystems":true},"in2DMode":false,"pivot":{"x":8.61340045928955,"y":3.8025102615356447,"z":-0.7635483741760254},"rotation":{"x":-0.043222084641456607,"y":0.8280370831489563,"z":0.06445292383432388,"w":0.5552768111228943},"size":11.365490913391114,"orthographic":false}