{"cameraMode":{"drawMode":0,"name":"Shaded","section":"Shading Mode"},"sceneLighting":false,"audioPlay":false,"sceneViewState":{"showFog":true,"showMaterialUpdate":false,"showSkybox":true,"showFlares":true,"showImageEffects":true,"showParticleSystems":true},"in2DMode":false,"pivot":{"x":-6.662574291229248,"y":-3.6707167625427248,"z":1.1080372333526612},"rotation":{"x":0.22247444093227387,"y":-0.6993398666381836,"z":0.24567393958568574,"w":0.6333034038543701},"size":9.270365715026856,"orthographic":false}