{"cameraMode":{"drawMode":0,"name":"Shaded","section":"Shading Mode"},"sceneLighting":false,"audioPlay":false,"sceneViewState":{"showFog":true,"showMaterialUpdate":false,"showSkybox":true,"showFlares":true,"showImageEffects":true,"showParticleSystems":true},"in2DMode":false,"pivot":{"x":-4.567785263061523,"y":-6.244446754455566,"z":2.8049471378326418},"rotation":{"x":0.4175485074520111,"y":-0.4274478256702423,"z":0.23258903622627259,"w":0.7673617005348206},"size":9.570422172546387,"orthographic":false}