{"cameraMode":{"drawMode":0,"name":"Shaded","section":"Shading Mode"},"sceneLighting":false,"audioPlay":false,"sceneViewState":{"showFog":true,"showMaterialUpdate":false,"showSkybox":true,"showFlares":true,"showImageEffects":true,"showParticleSystems":true},"in2DMode":false,"pivot":{"x":-3.048539161682129,"y":-1.2692265510559083,"z":6.276463985443115},"rotation":{"x":0.19359274208545686,"y":-0.2933257222175598,"z":0.06078321859240532,"w":0.9342308640480042},"size":9.570422172546387,"orthographic":false}