{"cameraMode":{"drawMode":0,"name":"Shaded","section":"Shading Mode"},"sceneLighting":false,"audioPlay":false,"sceneViewState":{"showFog":true,"showMaterialUpdate":false,"showSkybox":true,"showFlares":true,"showImageEffects":true,"showParticleSystems":true},"in2DMode":false,"pivot":{"x":-5.137427806854248,"y":-3.5053491592407228,"z":-1.0844923257827759},"rotation":{"x":0.19873154163360597,"y":-0.7591565847396851,"z":0.27053242921829226,"w":0.5576731562614441},"size":9.570422172546387,"orthographic":false}