{"cameraMode":{"drawMode":0,"name":"Shaded","section":"Shading Mode"},"sceneLighting":false,"audioPlay":false,"sceneViewState":{"showFog":true,"showMaterialUpdate":false,"showSkybox":true,"showFlares":true,"showImageEffects":true,"showParticleSystems":true},"in2DMode":false,"pivot":{"x":-5.000490188598633,"y":-1.4900604486465455,"z":-6.1597795486450199},"rotation":{"x":0.05469218268990517,"y":-0.936926007270813,"z":0.17080816626548768,"w":0.3000049889087677},"size":9.21416187286377,"orthographic":false}