{"cameraMode":{"drawMode":0,"name":"Shaded","section":"Shading Mode"},"sceneLighting":false,"audioPlay":false,"sceneViewState":{"showFog":true,"showMaterialUpdate":false,"showSkybox":true,"showFlares":true,"showImageEffects":true,"showParticleSystems":true},"in2DMode":false,"pivot":{"x":1.5350279808044434,"y":3.84438419342041,"z":-3.2726125717163088},"rotation":{"x":0.30736052989959719,"y":-0.40739110112190249,"z":0.14779910445213319,"w":0.847182035446167},"size":2.8578836917877199,"orthographic":false}