{"cameraMode":{"drawMode":0,"name":"Shaded","section":"Shading Mode"},"sceneLighting":false,"audioPlay":false,"sceneViewState":{"showFog":true,"showMaterialUpdate":false,"showSkybox":true,"showFlares":true,"showImageEffects":true,"showParticleSystems":true},"in2DMode":false,"pivot":{"x":1.0082204341888428,"y":0.5324231386184692,"z":0.681338906288147},"rotation":{"x":0.1417214572429657,"y":-0.8329561948776245,"z":0.24950022995471955,"w":0.47312650084495547},"size":3.157883644104004,"orthographic":false}