{"cameraMode":{"drawMode":0,"name":"Shaded","section":"Shading Mode"},"sceneLighting":false,"audioPlay":false,"sceneViewState":{"showFog":true,"showMaterialUpdate":false,"showSkybox":true,"showFlares":true,"showImageEffects":true,"showParticleSystems":true},"in2DMode":false,"pivot":{"x":2.5899999141693117,"y":0.6100000143051148,"z":1.7867796421051026},"rotation":{"x":0.18740373849868775,"y":-0.7955291271209717,"z":0.304929256439209,"w":0.48890846967697146},"size":2.8578836917877199,"orthographic":false}