{"cameraMode":{"drawMode":0,"name":"Shaded","section":"Shading Mode"},"sceneLighting":true,"audioPlay":false,"sceneViewState":{"showFog":true,"showMaterialUpdate":false,"showSkybox":true,"showFlares":true,"showImageEffects":true,"showParticleSystems":true},"in2DMode":false,"pivot":{"x":-0.27156928181648257,"y":2.4710211753845217,"z":-1.9438756704330445},"rotation":{"x":0.27960705757141116,"y":0.031941600143909457,"z":-0.009308788925409317,"w":0.9595379829406738},"size":0.6858921051025391,"orthographic":false}