{"cameraMode":{"drawMode":0,"name":"Shaded","section":"Shading Mode"},"sceneLighting":true,"audioPlay":false,"sceneViewState":{"showFog":true,"showMaterialUpdate":false,"showSkybox":true,"showFlares":true,"showImageEffects":true,"showParticleSystems":true},"in2DMode":false,"pivot":{"x":-0.02538861706852913,"y":0.8491893410682678,"z":4.016659736633301},"rotation":{"x":0.15506651997566224,"y":0.017759306356310846,"z":-0.0027882319409400226,"w":0.9877405166625977},"size":1.341214895248413,"orthographic":false}