{"cameraMode":{"drawMode":0,"name":"Shaded","section":"Shading Mode"},"sceneLighting":true,"audioPlay":false,"sceneViewState":{"showFog":true,"showMaterialUpdate":false,"showSkybox":true,"showFlares":true,"showImageEffects":true,"showParticleSystems":true},"in2DMode":false,"pivot":{"x":-1.2786370515823365,"y":1.8548551797866822,"z":2.0782666206359865},"rotation":{"x":-0.06825694441795349,"y":-0.931738555431366,"z":0.25311246514320376,"w":-0.2512734830379486},"size":0.13164830207824708,"orthographic":false}