{"cameraMode":{"drawMode":0,"name":"Shaded","section":"Shading Mode"},"sceneLighting":false,"audioPlay":false,"sceneViewState":{"showFog":true,"showMaterialUpdate":false,"showSkybox":true,"showFlares":true,"showImageEffects":true,"showParticleSystems":true},"in2DMode":false,"pivot":{"x":4.025646686553955,"y":5.938899040222168,"z":-4.074458599090576},"rotation":{"x":0.3825293481349945,"y":-0.4287112057209015,"z":0.20710569620132447,"w":0.7918240427970886},"size":4.041658401489258,"orthographic":false}