{"cameraMode":{"drawMode":0,"name":"Shaded","section":"Shading Mode"},"sceneLighting":true,"audioPlay":false,"sceneViewState":{"showFog":true,"showMaterialUpdate":false,"showSkybox":true,"showFlares":true,"showImageEffects":true,"showParticleSystems":true},"in2DMode":false,"pivot":{"x":-0.004885389469563961,"y":0.31914615631103518,"z":0.6951397657394409},"rotation":{"x":0.22019848227500916,"y":0.016669200733304025,"z":-0.003765868255868554,"w":0.9753053784370422},"size":0.431648313999176,"orthographic":false}