{"cameraMode":{"drawMode":0,"name":"Shaded","section":"Shading Mode"},"sceneLighting":true,"audioPlay":false,"sceneViewState":{"showFog":true,"showMaterialUpdate":false,"showSkybox":true,"showFlares":true,"showImageEffects":true,"showParticleSystems":true},"in2DMode":false,"pivot":{"x":-2.1019821166992189,"y":1.579209566116333,"z":-0.598621129989624},"rotation":{"x":0.22978419065475465,"y":0.6473227739334106,"z":-0.2141856551170349,"w":0.6944761276245117},"size":0.6858921051025391,"orthographic":false}